{
  "grid": {
    "shape": [
      180,
      76,
      76
    ],
    "resolution": 0.002,
    "physical_size": [
      0.36,
      0.152,
      0.152
    ]
  },
  "physics": {
    "c": 343.0,
    "rho": 1.2
  },
  "simulation": {
    "dt": 3.198150179184516e-06,
    "cfl_limit": 3.3664738728258063e-06,
    "current_time": 0.03813474273659548,
    "step_count": 11924
  },
  "probes": {
    "left_mouth": {
      "position": [
        41,
        38,
        38
      ]
    },
    "quarter_left": {
      "position": [
        65,
        38,
        38
      ]
    },
    "center": {
      "position": [
        90,
        38,
        38
      ]
    },
    "quarter_right": {
      "position": [
        115,
        38,
        38
      ]
    },
    "right_mouth": {
      "position": [
        138,
        38,
        38
      ]
    },
    "air_left": {
      "position": [
        20,
        38,
        38
      ]
    },
    "air_right": {
      "position": [
        150,
        38,
        38
      ]
    }
  },
  "sources": [
    {
      "type": "point",
      "position": [
        90,
        38,
        38
      ],
      "frequency": 786.697247706422,
      "bandwidth": 2360.091743119266
    }
  ]
}